Sample 1 Operational Taxonomic Unit Count,Sample 2 Operational Taxonomic Unit Count,Domain,Phylum,Class,Order,Family,Genus
18,2,Archaea,Thaumarchaeota,Marine Group I,Marine Group I_unclassified,Marine Group I_unclassified,Marine Group I_unclassified
5,4,Archaea,Thaumarchaeota,Marine Group I,Unknown Order,Unknown Family,Unknown Family_unclassified
91,104,Archaea,Thaumarchaeota,Marine Group I,Unknown Order,Unknown Family,Candidatus Nitrosopumilus
3,13,Archaea,Woesearchaeota (DHVEG-6),Woesearchaeota (DHVEG-6)_unclassified,Woesearchaeota (DHVEG-6)_unclassified,Woesearchaeota (DHVEG-6)_unclassified,Woesearchaeota (DHVEG-6)_unclassified
9,10,Bacteria,NA_unclassified,NA_unclassified,NA_unclassified,NA_unclassified,NA_unclassified
2,6,Bacteria,Acidobacteria,Acidobacteria_unclassified,Acidobacteria_unclassified,Acidobacteria_unclassified,Acidobacteria_unclassified
4,1,Bacteria,Acidobacteria,Acidobacteria,Acidobacteria_unclassified,Acidobacteria_unclassified,Acidobacteria_unclassified
0,4,Bacteria,Acidobacteria,Acidobacteria,AT-s3-28,AT-s3-28_unclassified,AT-s3-28_unclassified
8,7,Bacteria,Acidobacteria,Acidobacteria,Subgroup 21,Subgroup 21_unclassified,Subgroup 21_unclassified
1,0,Bacteria,Acidobacteria,Acidobacteria,Subgroup 6,Subgroup 6_unclassified,Subgroup 6_unclassified
2,1,Bacteria,Acidobacteria,Acidobacteria,Subgroup 9,Subgroup 9_unclassified,Subgroup 9_unclassified
3,0,Bacteria,Acidobacteria,Holophagae,Subgroup 10,Subgroup 10_unclassified,Subgroup 10_unclassified
0,0,Bacteria,Acidobacteria,Holophagae,Subgroup 10,NS72,NS72_unclassified
10,0,Bacteria,Acidobacteria,Holophagae,Subgroup 10,Sva0725,Sva0725_unclassified
19,34,Bacteria,Acidobacteria,Subgroup 22,Subgroup 22_unclassified,Subgroup 22_unclassified,Subgroup 22_unclassified
2,2,Bacteria,Actinobacteria,Acidimicrobiia,Acidimicrobiales,Acidimicrobiales_unclassified,Acidimicrobiales_unclassified
0,0,Bacteria,Actinobacteria,Acidimicrobiia,Acidimicrobiales,Acidimicrobiaceae,Acidimicrobiaceae_unclassified
1,3,Bacteria,Actinobacteria,Acidimicrobiia,Acidimicrobiales,Acidimicrobiaceae,Illumatobacter
78,40,Bacteria,Actinobacteria,Acidimicrobiia,Acidimicrobiales,OM1 clade,OM1 clade_unclassified
12,5,Bacteria,Actinobacteria,Acidimicrobiia,Acidimicrobiales,Sva0996 marine group,Sva0996 marine group_unclassified
1,1,Bacteria,Actinobacteria,Actinobacteria,Actinobacteria_unclassified,Actinobacteria_unclassified,Actinobacteria_unclassified
3,0,Bacteria,Actinobacteria,Thermoleophilia,Solirubrobacterales,Solirubrobacterales_unclassified,Solirubrobacterales_unclassified
2,2,Bacteria,Bacteroidetes,Bacteroidetes_unclassified,Bacteroidetes_unclassified,Bacteroidetes_unclassified,Bacteroidetes_unclassified
0,0,Bacteria,Bacteroidetes,Bacteroidia,Bacteroidales,Bacteroidaceae,Bacteroides
2,0,Bacteria,Bacteroidetes,Bacteroidia,Bacteroidales,Marinilabiaceae,Marinifilum
0,0,Bacteria,Bacteroidetes,Cytophagia,Cytophagales,Cytophagaceae,Microscilla
2,7,Bacteria,Bacteroidetes,Cytophagia,Cytophagales,Flammeovirgaceae,Flammeovirgaceae_unclassified
0,0,Bacteria,Bacteroidetes,Cytophagia,Cytophagales,Flammeovirgaceae,Fabibacter
3,5,Bacteria,Bacteroidetes,Cytophagia,Cytophagales,Flammeovirgaceae,Reichenbachiella
15,26,Bacteria,Bacteroidetes,Cytophagia,Cytophagales,Flammeovirgaceae,NA
7,4,Bacteria,Bacteroidetes,Cytophagia,Order II,Rhodothermaceae,NA
2,1,Bacteria,Bacteroidetes,Flavobacteriia,Flavobacteriales,Flavobacteriales_unclassified,Flavobacteriales_unclassified
1,2,Bacteria,Bacteroidetes,Flavobacteriia,Flavobacteriales,Cryomorphaceae,Owenweeksia
9,10,Bacteria,Bacteroidetes,Flavobacteriia,Flavobacteriales,Flavobacteriaceae,Flavobacteriaceae_unclassified
13,6,Bacteria,Bacteroidetes,Flavobacteriia,Flavobacteriales,Flavobacteriaceae,Aquibacter
2,4,Bacteria,Bacteroidetes,Flavobacteriia,Flavobacteriales,Flavobacteriaceae,Flavobacterium
2,2,Bacteria,Bacteroidetes,Flavobacteriia,Flavobacteriales,Flavobacteriaceae,Gilvibacter
0,0,Bacteria,Bacteroidetes,Flavobacteriia,Flavobacteriales,Flavobacteriaceae,Maribacter
0,0,Bacteria,Bacteroidetes,Flavobacteriia,Flavobacteriales,Flavobacteriaceae,Polaribacter
1,1,Bacteria,Bacteroidetes,Flavobacteriia,Flavobacteriales,Flavobacteriaceae,NA
1,0,Bacteria,Bacteroidetes,Flavobacteriia,Flavobacteriales,Flavobacteriaceae,Wenyingzhuangia
0,0,Bacteria,Bacteroidetes,Flavobacteriia,Flavobacteriales,Flavobacteriaceae,Winogradskyella
0,0,Bacteria,Bacteroidetes,Sphingobacteriia,Sphingobacteriales,PHOS-HE51,PHOS-HE51_unclassified
2,2,Bacteria,Bacteroidetes,Sphingobacteriia,Sphingobacteriales,Saprospiraceae,Saprospiraceae_unclassified
0,1,Bacteria,Bacteroidetes,Sphingobacteriia,Sphingobacteriales,Saprospiraceae,Portibacter
3,6,Bacteria,Bacteroidetes,Sphingobacteriia,Sphingobacteriales,Saprospiraceae,NA
7,13,Bacteria,Candidate division OP3,Candidate division OP3_unclassified,Candidate division OP3_unclassified,Candidate division OP3_unclassified,Candidate division OP3_unclassified
0,0,Bacteria,Chlamydiae,Chlamydiae,Chlamydiales,Parachlamydiaceae,Parachlamydiaceae_unclassified
0,0,Bacteria,Chlamydiae,Chlamydiae,Chlamydiales,Simkaniaceae,Simkaniaceae_unclassified
0,0,Bacteria,Chlorobi,Chlorobia,Chlorobiales,OPB56,OPB56_unclassified
2,0,Bacteria,Chlorobi,Ignavibacteria,Ignavibacteriales,PHOS-HE36,PHOS-HE36_unclassified
1,5,Bacteria,Chloroflexi,Chloroflexi_unclassified,Chloroflexi_unclassified,Chloroflexi_unclassified,Chloroflexi_unclassified
12,15,Bacteria,Chloroflexi,Anaerolineae,Anaerolineales,Anaerolineaceae,NA
2,4,Bacteria,Chloroflexi,Ardenticatenia,NA,NA_unclassified,NA_unclassified
9,8,Bacteria,Chloroflexi,JG30-KF-CM66,JG30-KF-CM66_unclassified,JG30-KF-CM66_unclassified,JG30-KF-CM66_unclassified
5,1,Bacteria,Chloroflexi,KD4-96,KD4-96_unclassified,KD4-96_unclassified,KD4-96_unclassified
10,2,Bacteria,Chloroflexi,S085,S085_unclassified,S085_unclassified,S085_unclassified
31,26,Bacteria,Chloroflexi,SAR202 clade,SAR202 clade_unclassified,SAR202 clade_unclassified,SAR202 clade_unclassified
8,9,Bacteria,Cyanobacteria,Chloroplast,Chloroplast_unclassified,Chloroplast_unclassified,Chloroplast_unclassified
2,4,Bacteria,Deferribacteres,Deferribacteres Incertae Sedis,Unknown Order,Unknown Family,Caldithrix
0,0,Bacteria,Elusimicrobia,Elusimicrobia,Lineage IIb,Lineage IIb_unclassified,Lineage IIb_unclassified
0,1,Bacteria,Fibrobacteres,Fibrobacteria,Fibrobacterales,Fibrobacteraceae,NA
0,0,Bacteria,Fibrobacteres,Fibrobacteria,possible order 07,possible order 07_unclassified,possible order 07_unclassified
0,0,Bacteria,Firmicutes,Clostridia,Clostridiales,Clostridiales_unclassified,Clostridiales_unclassified
0,0,Bacteria,Firmicutes,Clostridia,Clostridiales,Christensenellaceae,NA
0,0,Bacteria,Firmicutes,Clostridia,Clostridiales,Family XII,Fusibacter
0,2,Bacteria,Gemmatimonadetes,Gemmatimonadetes,Gemmatimonadetes_unclassified,Gemmatimonadetes_unclassified,Gemmatimonadetes_unclassified
9,36,Bacteria,Gemmatimonadetes,Gemmatimonadetes,BD2-11 terrestrial group,BD2-11 terrestrial group_unclassified,BD2-11 terrestrial group_unclassified
13,10,Bacteria,Gemmatimonadetes,Gemmatimonadetes,Gemmatimonadales,Gemmatimonadaceae,NA
3,0,Bacteria,Gemmatimonadetes,Gemmatimonadetes,PAUC43f marine benthic group,PAUC43f marine benthic group_unclassified,PAUC43f marine benthic group_unclassified
1,4,Bacteria,Gracilibacteria,Gracilibacteria_unclassified,Gracilibacteria_unclassified,Gracilibacteria_unclassified,Gracilibacteria_unclassified
0,0,Bacteria,Hyd24-12,Hyd24-12_unclassified,Hyd24-12_unclassified,Hyd24-12_unclassified,Hyd24-12_unclassified
6,4,Bacteria,Hydrogenedentes,Hydrogenedentes_unclassified,Hydrogenedentes_unclassified,Hydrogenedentes_unclassified,Hydrogenedentes_unclassified
7,10,Bacteria,Latescibacteria,Latescibacteria_unclassified,Latescibacteria_unclassified,Latescibacteria_unclassified,Latescibacteria_unclassified
1,0,Bacteria,Lentisphaerae,Lentisphaerae_unclassified,Lentisphaerae_unclassified,Lentisphaerae_unclassified,Lentisphaerae_unclassified
1,0,Bacteria,Lentisphaerae,Lentisphaeria,Lentisphaerales,Lentisphaeraceae,Lentisphaera
1,0,Bacteria,Lentisphaerae,Oligosphaeria,Oligosphaeria_unclassified,Oligosphaeria_unclassified,Oligosphaeria_unclassified
0,0,Bacteria,Lentisphaerae,R76-B128,R76-B128_unclassified,R76-B128_unclassified,R76-B128_unclassified
0,0,Bacteria,Lentisphaerae,SS1-B-03-39,SS1-B-03-39_unclassified,SS1-B-03-39_unclassified,SS1-B-03-39_unclassified
0,0,Bacteria,Lentisphaerae,WCHB1-41,WCHB1-41_unclassified,WCHB1-41_unclassified,WCHB1-41_unclassified
11,7,Bacteria,Nitrospirae,Nitrospira,Nitrospirales,Nitrospiraceae,Nitrospira
0,1,Bacteria,Omnitrophica,NPL-UPA2,NPL-UPA2_unclassified,NPL-UPA2_unclassified,NPL-UPA2_unclassified
5,14,Bacteria,Parcubacteria,Parcubacteria_unclassified,Parcubacteria_unclassified,Parcubacteria_unclassified,Parcubacteria_unclassified
2,4,Bacteria,PAUC34f,PAUC34f_unclassified,PAUC34f_unclassified,PAUC34f_unclassified,PAUC34f_unclassified
0,1,Bacteria,Planctomycetes,Planctomycetes_unclassified,Planctomycetes_unclassified,Planctomycetes_unclassified,Planctomycetes_unclassified
2,1,Bacteria,Planctomycetes,BD7-11,BD7-11_unclassified,BD7-11_unclassified,BD7-11_unclassified
14,15,Bacteria,Planctomycetes,OM190,OM190_unclassified,OM190_unclassified,OM190_unclassified
1,4,Bacteria,Planctomycetes,Phycisphaerae,Phycisphaerae_unclassified,Phycisphaerae_unclassified,Phycisphaerae_unclassified
4,5,Bacteria,Planctomycetes,Phycisphaerae,C86,C86_unclassified,C86_unclassified
12,11,Bacteria,Planctomycetes,Phycisphaerae,CCM11a,CCM11a_unclassified,CCM11a_unclassified
1,6,Bacteria,Planctomycetes,Phycisphaerae,mle1-8,mle1-8_unclassified,mle1-8_unclassified
1,0,Bacteria,Planctomycetes,Phycisphaerae,Phycisphaerales,Phycisphaeraceae,Phycisphaeraceae_unclassified
1,2,Bacteria,Planctomycetes,Phycisphaerae,Phycisphaerales,Phycisphaeraceae,SM1A02
2,1,Bacteria,Planctomycetes,Phycisphaerae,Phycisphaerales,Phycisphaeraceae,NA
4,21,Bacteria,Planctomycetes,Phycisphaerae,Phycisphaerales,Phycisphaeraceae,Urania-1B-19 marine sediment group
0,0,Bacteria,Planctomycetes,Phycisphaerae,SHA-43,SHA-43_unclassified,SHA-43_unclassified
5,9,Bacteria,Planctomycetes,Pla3 lineage,Pla3 lineage_unclassified,Pla3 lineage_unclassified,Pla3 lineage_unclassified
2,0,Bacteria,Planctomycetes,Pla4 lineage,Pla4 lineage_unclassified,Pla4 lineage_unclassified,Pla4 lineage_unclassified
3,5,Bacteria,Planctomycetes,Planctomycetacia,Planctomycetales,Planctomycetaceae,Planctomycetaceae_unclassified
1,0,Bacteria,Planctomycetes,Planctomycetacia,Planctomycetales,Planctomycetaceae,Blastopirellula
3,7,Bacteria,Planctomycetes,Planctomycetacia,Planctomycetales,Planctomycetaceae,Pir4 lineage
5,3,Bacteria,Planctomycetes,Planctomycetacia,Planctomycetales,Planctomycetaceae,Planctomyces
1,1,Bacteria,Planctomycetes,Planctomycetacia,Planctomycetales,Planctomycetaceae,Rhodopirellula
1,1,Bacteria,Planctomycetes,Planctomycetacia,Planctomycetales,Planctomycetaceae,NA
1,4,Bacteria,Planctomycetes,vadinHA49,vadinHA49_unclassified,vadinHA49_unclassified,vadinHA49_unclassified
10,18,Bacteria,Proteobacteria,Proteobacteria_unclassified,Proteobacteria_unclassified,Proteobacteria_unclassified,Proteobacteria_unclassified
14,13,Bacteria,Proteobacteria,Alphaproteobacteria,Alphaproteobacteria_unclassified,Alphaproteobacteria_unclassified,Alphaproteobacteria_unclassified
1,1,Bacteria,Proteobacteria,Alphaproteobacteria,Caulobacterales,Caulobacteraceae,NA
0,0,Bacteria,Proteobacteria,Alphaproteobacteria,Caulobacterales,Hyphomonadaceae,Hyphomonas
7,2,Bacteria,Proteobacteria,Alphaproteobacteria,Rhizobiales,Rhizobiales_unclassified,Rhizobiales_unclassified
4,0,Bacteria,Proteobacteria,Alphaproteobacteria,Rhizobiales,Hyphomicrobiaceae,NA
0,0,Bacteria,Proteobacteria,Alphaproteobacteria,Rhizobiales,Methylobacteriaceae,Methylobacterium
0,0,Bacteria,Proteobacteria,Alphaproteobacteria,Rhizobiales,Phyllobacteriaceae,Cohaesibacter
0,0,Bacteria,Proteobacteria,Alphaproteobacteria,Rhizobiales,Phyllobacteriaceae,Nitratireductor
0,0,Bacteria,Proteobacteria,Alphaproteobacteria,Rhizobiales,Rhizobiaceae,Rhizobium
2,0,Bacteria,Proteobacteria,Alphaproteobacteria,Rhizobiales,NA,NA_unclassified
4,2,Bacteria,Proteobacteria,Alphaproteobacteria,Rhodobacterales,Rhodobacteraceae,Rhodobacteraceae_unclassified
10,10,Bacteria,Proteobacteria,Alphaproteobacteria,Rhodobacterales,Rhodobacteraceae,NA
3,3,Bacteria,Proteobacteria,Alphaproteobacteria,Rhodospirillales,Rhodospirillales_unclassified,Rhodospirillales_unclassified
6,5,Bacteria,Proteobacteria,Alphaproteobacteria,Rhodospirillales,Rhodospirillaceae,Rhodospirillaceae_unclassified
8,19,Bacteria,Proteobacteria,Alphaproteobacteria,Rhodospirillales,Rhodospirillaceae,Defluviicoccus
0,3,Bacteria,Proteobacteria,Alphaproteobacteria,Rhodospirillales,Rhodospirillaceae,Magnetospira
6,0,Bacteria,Proteobacteria,Alphaproteobacteria,Rhodospirillales,Rhodospirillaceae,Pelagibius
26,33,Bacteria,Proteobacteria,Alphaproteobacteria,Rhodospirillales,Rhodospirillaceae,NA
0,0,Bacteria,Proteobacteria,Alphaproteobacteria,Rickettsiales,Rickettsiales_unclassified,Rickettsiales_unclassified
30,4,Bacteria,Proteobacteria,Alphaproteobacteria,Rickettsiales,Rickettsiales_unclassified,Rickettsiales_unclassified
0,0,Bacteria,Proteobacteria,Alphaproteobacteria,Rickettsiales,Rickettsiaceae,NA
0,0,Bacteria,Proteobacteria,Alphaproteobacteria,Rickettsiales,TK34,TK34_unclassified
0,0,Bacteria,Proteobacteria,Alphaproteobacteria,Sphingomonadales,Sphingomonadales_unclassified,Sphingomonadales_unclassified
2,3,Bacteria,Proteobacteria,Betaproteobacteria,Betaproteobacteria_unclassified,Betaproteobacteria_unclassified,Betaproteobacteria_unclassified
1,1,Bacteria,Proteobacteria,Betaproteobacteria,Burkholderiales,Burkholderiales_unclassified,Burkholderiales_unclassified
3,3,Bacteria,Proteobacteria,Betaproteobacteria,Burkholderiales,Burkholderiaceae,Burkholderiaceae_unclassified
1,0,Bacteria,Proteobacteria,Betaproteobacteria,Burkholderiales,Burkholderiaceae,Burkholderia
2,6,Bacteria,Proteobacteria,Betaproteobacteria,Hydrogenophilales,Hydrogenophilaceae,NA
0,0,Bacteria,Proteobacteria,Betaproteobacteria,Nitrosomonadales,Nitrosomonadales_unclassified,Nitrosomonadales_unclassified
1,0,Bacteria,Proteobacteria,Betaproteobacteria,Nitrosomonadales,Nitrosomonadaceae,Nitrosomonadaceae_unclassified
4,2,Bacteria,Proteobacteria,Betaproteobacteria,Nitrosomonadales,Nitrosomonadaceae,Nitrosomonas
4,7,Bacteria,Proteobacteria,Deltaproteobacteria,Deltaproteobacteria_unclassified,Deltaproteobacteria_unclassified,Deltaproteobacteria_unclassified
1,0,Bacteria,Proteobacteria,Deltaproteobacteria,Desulfobacterales,Desulfobacterales_unclassified,Desulfobacterales_unclassified
0,0,Bacteria,Proteobacteria,Deltaproteobacteria,Desulfobacterales,Desulfobacteraceae,Sva0081 sediment group
3,2,Bacteria,Proteobacteria,Deltaproteobacteria,Desulfobacterales,Desulfobulbaceae,Desulfobulbaceae_unclassified
0,1,Bacteria,Proteobacteria,Deltaproteobacteria,Desulfobacterales,Desulfobulbaceae,Desulfobulbus
9,8,Bacteria,Proteobacteria,Deltaproteobacteria,Desulfobacterales,Nitrospinaceae,Nitrospina
1,2,Bacteria,Proteobacteria,Deltaproteobacteria,Desulfurellales,Desulfurellaceae,NA
0,1,Bacteria,Proteobacteria,Deltaproteobacteria,Desulfuromonadales,Desulfuromonadales_unclassified,Desulfuromonadales_unclassified
0,0,Bacteria,Proteobacteria,Deltaproteobacteria,Desulfuromonadales,Desulfuromonadaceae,Desulfuromonadaceae_unclassified
0,0,Bacteria,Proteobacteria,Deltaproteobacteria,Desulfuromonadales,Geobacteraceae,Geobacteraceae_unclassified
0,1,Bacteria,Proteobacteria,Deltaproteobacteria,Desulfuromonadales,Geobacteraceae,Geobacter
3,2,Bacteria,Proteobacteria,Deltaproteobacteria,GR-WP33-30,GR-WP33-30_unclassified,GR-WP33-30_unclassified
1,1,Bacteria,Proteobacteria,Deltaproteobacteria,Myxococcales,Myxococcales_unclassified,Myxococcales_unclassified
0,0,Bacteria,Proteobacteria,Deltaproteobacteria,Myxococcales,Blfdi19,Blfdi19_unclassified
0,6,Bacteria,Proteobacteria,Deltaproteobacteria,Myxococcales,Haliangiaceae,Haliangium
1,1,Bacteria,Proteobacteria,Deltaproteobacteria,Myxococcales,Nannocystaceae,Nannocystaceae_unclassified
0,1,Bacteria,Proteobacteria,Deltaproteobacteria,Myxococcales,Nannocystaceae,Nannocystis
3,1,Bacteria,Proteobacteria,Deltaproteobacteria,Myxococcales,P3OB-42,P3OB-42_unclassified
2,5,Bacteria,Proteobacteria,Deltaproteobacteria,Myxococcales,Sandaracinaceae,NA
0,0,Bacteria,Proteobacteria,Deltaproteobacteria,Oligoflexales,Oligoflexaceae,Oligoflexaceae_unclassified
4,15,Bacteria,Proteobacteria,Deltaproteobacteria,SAR324 clade(Marine group B),SAR324 clade(Marine group B)_unclassified,SAR324 clade(Marine group B)_unclassified
75,144,Bacteria,Proteobacteria,Deltaproteobacteria,Sh765B-TzT-29,Sh765B-TzT-29_unclassified,Sh765B-TzT-29_unclassified
0,0,Bacteria,Proteobacteria,Deltaproteobacteria,Sva0485,Sva0485_unclassified,Sva0485_unclassified
34,28,Bacteria,Proteobacteria,Gammaproteobacteria,Gammaproteobacteria_unclassified,Gammaproteobacteria_unclassified,Gammaproteobacteria_unclassified
6,1,Bacteria,Proteobacteria,Gammaproteobacteria,Alteromonadales,Alteromonadales_unclassified,Alteromonadales_unclassified
2,0,Bacteria,Proteobacteria,Gammaproteobacteria,Alteromonadales,Alteromonadaceae,Paraglaciecola
0,0,Bacteria,Proteobacteria,Gammaproteobacteria,Alteromonadales,Colwelliaceae,Colwelliaceae_unclassified
4,2,Bacteria,Proteobacteria,Gammaproteobacteria,Alteromonadales,Colwelliaceae,Colwellia
1,0,Bacteria,Proteobacteria,Gammaproteobacteria,Alteromonadales,Moritellaceae,Moritella
0,0,Bacteria,Proteobacteria,Gammaproteobacteria,Alteromonadales,Pseudoalteromonadaceae,Pseudoalteromonadaceae_unclassified
3,2,Bacteria,Proteobacteria,Gammaproteobacteria,Alteromonadales,Shewanellaceae,Shewanella
58,64,Bacteria,Proteobacteria,Gammaproteobacteria,BD7-8 marine group,BD7-8 marine group_unclassified,BD7-8 marine group_unclassified
7,3,Bacteria,Proteobacteria,Gammaproteobacteria,Cellvibrionales,Cellvibrionales_unclassified,Cellvibrionales_unclassified
1,0,Bacteria,Proteobacteria,Gammaproteobacteria,Cellvibrionales,BD2-7,BD2-7_unclassified
0,0,Bacteria,Proteobacteria,Gammaproteobacteria,Cellvibrionales,Cellvibrionaceae,Cellvibrionaceae_unclassified
5,6,Bacteria,Proteobacteria,Gammaproteobacteria,Cellvibrionales,Halieaceae,Halieaceae_unclassified
0,0,Bacteria,Proteobacteria,Gammaproteobacteria,Cellvibrionales,Halieaceae,Haliea
6,9,Bacteria,Proteobacteria,Gammaproteobacteria,Cellvibrionales,Halieaceae,Halioglobus
1,8,Bacteria,Proteobacteria,Gammaproteobacteria,Cellvibrionales,Halieaceae,OM60(NOR5) clade
0,0,Bacteria,Proteobacteria,Gammaproteobacteria,Cellvibrionales,Halieaceae,Pseudohaliea
0,0,Bacteria,Proteobacteria,Gammaproteobacteria,Cellvibrionales,Porticoccaceae,SAR92 clade
2,0,Bacteria,Proteobacteria,Gammaproteobacteria,Cellvibrionales,Spongiibacteraceae,Spongiibacteraceae_unclassified
2,1,Bacteria,Proteobacteria,Gammaproteobacteria,Cellvibrionales,Spongiibacteraceae,BD1-7 clade
0,0,Bacteria,Proteobacteria,Gammaproteobacteria,Chromatiales,Chromatiales_unclassified,Chromatiales_unclassified
3,0,Bacteria,Proteobacteria,Gammaproteobacteria,Chromatiales,Chromatiaceae,Nitrosococcus
3,0,Bacteria,Proteobacteria,Gammaproteobacteria,Chromatiales,Granulosicoccaceae,Granulosicoccus
4,1,Bacteria,Proteobacteria,Gammaproteobacteria,E01-9C-26 marine group,E01-9C-26 marine group_unclassified,E01-9C-26 marine group_unclassified
0,0,Bacteria,Proteobacteria,Gammaproteobacteria,Enterobacteriales,Enterobacteriaceae,Erwinia
2,1,Bacteria,Proteobacteria,Gammaproteobacteria,Enterobacteriales,Enterobacteriaceae,Salmonella
7,6,Bacteria,Proteobacteria,Gammaproteobacteria,KI89A clade,KI89A clade_unclassified,KI89A clade_unclassified
0,0,Bacteria,Proteobacteria,Gammaproteobacteria,MD2904-B13,MD2904-B13_unclassified,MD2904-B13_unclassified
1,1,Bacteria,Proteobacteria,Gammaproteobacteria,Oceanospirillales,Alcanivoracaceae,Kangiella
2,1,Bacteria,Proteobacteria,Gammaproteobacteria,Oceanospirillales,Oceanospirillaceae,Oceanospirillaceae_unclassified
1,0,Bacteria,Proteobacteria,Gammaproteobacteria,Oceanospirillales,Oceanospirillaceae,Neptunomonas
5,9,Bacteria,Proteobacteria,Gammaproteobacteria,Oceanospirillales,Oceanospirillaceae,Pseudospirillum
0,0,Bacteria,Proteobacteria,Gammaproteobacteria,Oceanospirillales,Oceanospirillaceae,NA
0,1,Bacteria,Proteobacteria,Gammaproteobacteria,Oceanospirillales,Oleiphilaceae,Oleiphilus
4,15,Bacteria,Proteobacteria,Gammaproteobacteria,Oceanospirillales,OM182 clade,OM182 clade_unclassified
22,23,Bacteria,Proteobacteria,Gammaproteobacteria,Order Incertae Sedis,Family Incertae Sedis,Marinicella
0,0,Bacteria,Proteobacteria,Gammaproteobacteria,Pseudomonadales,Moraxellaceae,Psychrobacter
1,2,Bacteria,Proteobacteria,Gammaproteobacteria,Pseudomonadales,Pseudomonadaceae,Pseudomonas
0,1,Bacteria,Proteobacteria,Gammaproteobacteria,Sva0071,Sva0071_unclassified,Sva0071_unclassified
3,4,Bacteria,Proteobacteria,Gammaproteobacteria,Xanthomonadales,Xanthomonadales_unclassified,Xanthomonadales_unclassified
94,156,Bacteria,Proteobacteria,Gammaproteobacteria,Xanthomonadales,JTB255 marine benthic group,JTB255 marine benthic group_unclassified
9,5,Bacteria,Proteobacteria,Gammaproteobacteria,Xanthomonadales,NA,NA_unclassified
0,0,Bacteria,Proteobacteria,Gammaproteobacteria,Xanthomonadales,Xanthomonadales Incertae Sedis,Acidibacter
3,10,Bacteria,Proteobacteria,JTB23,JTB23_unclassified,JTB23_unclassified,JTB23_unclassified
1,0,Bacteria,TM6,TM6_unclassified,TM6_unclassified,TM6_unclassified,TM6_unclassified
1,1,Bacteria,Verrucomicrobia,OPB35 soil group,OPB35 soil group_unclassified,OPB35 soil group_unclassified,OPB35 soil group_unclassified
0,0,Bacteria,Verrucomicrobia,Opitutae,Opitutae vadinHA64,Opitutae vadinHA64_unclassified,Opitutae vadinHA64_unclassified
0,0,Bacteria,Verrucomicrobia,Opitutae,Puniceicoccales,Puniceicoccaceae,Cerasicoccus
0,1,Bacteria,Verrucomicrobia,Opitutae,Puniceicoccales,Puniceicoccaceae,Pelagicoccus
0,0,Bacteria,Verrucomicrobia,Opitutae,Puniceicoccales,Puniceicoccaceae,Puniceicoccus
0,0,Bacteria,Verrucomicrobia,Verrucomicrobiae,Verrucomicrobiales,Verrucomicrobiales_unclassified,Verrucomicrobiales_unclassified
4,1,Bacteria,Verrucomicrobia,Verrucomicrobiae,Verrucomicrobiales,DEV007,DEV007_unclassified
3,0,Bacteria,Verrucomicrobia,Verrucomicrobiae,Verrucomicrobiales,Verrucomicrobiaceae,Roseibacillus
1,1,Eukaryota,Eukaryota_unclassified,Eukaryota_unclassified,Eukaryota_unclassified,Eukaryota_unclassified,Eukaryota_unclassified
4,0,Eukaryota,Phragmoplastophyta,Embryophyta,Fabales,NA,Arachis
0,0,Eukaryota,NA,Prasinophytae,Prasinophytae_unclassified,Prasinophytae_unclassified,Prasinophytae_unclassified
0,0,Eukaryota,Cryptomonadales,Cryptomonadales_unclassified,Cryptomonadales_unclassified,Cryptomonadales_unclassified,Cryptomonadales_unclassified
0,0,Eukaryota,Metazoa (Animalia)_unclassified,Metazoa (Animalia)_unclassified,Metazoa (Animalia)_unclassified,Metazoa (Animalia)_unclassified,Metazoa (Animalia)_unclassified
0,0,Eukaryota,Annelida,Polychaeta,Polychaeta_unclassified,Polychaeta_unclassified,Polychaeta_unclassified
0,0,Eukaryota,Arthropoda,Arthropoda_unclassified,Arthropoda_unclassified,Arthropoda_unclassified,Arthropoda_unclassified
0,0,Eukaryota,Arthropoda,Maxillopoda,Maxillopoda_unclassified,Maxillopoda_unclassified,Maxillopoda_unclassified
0,0,Eukaryota,Arthropoda,Maxillopoda,Harpacticoida,Harpacticoida_unclassified,Harpacticoida_unclassified
0,0,Eukaryota,Arthropoda,Ostracoda,Podocopida,Podocopida_unclassified,Podocopida_unclassified
34,12,Eukaryota,Vertebrata,Actinopterygii,Actinopterygii_unclassified,Actinopterygii_unclassified,Actinopterygii_unclassified
0,0,Eukaryota,Nematoda,Chromadorea,Chromadorea_unclassified,Chromadorea_unclassified,Chromadorea_unclassified
0,0,Eukaryota,Nematoda,Chromadorea,Chromadorida,Chromadorida_unclassified,Chromadorida_unclassified
0,0,Eukaryota,Nematoda,Chromadorea,Desmoscolecida,Desmoscolecida_unclassified,Desmoscolecida_unclassified
0,0,Eukaryota,Nematoda,Enoplea,Enoplida,Enoplida_unclassified,Enoplida_unclassified
0,0,Eukaryota,Xenacoelomorpha,Acoela,Acoela_unclassified,Acoela_unclassified,Acoela_unclassified
0,0,Eukaryota,Opisthokonta_unclassified,Opisthokonta_unclassified,Opisthokonta_unclassified,Opisthokonta_unclassified,Opisthokonta_unclassified
0,1,Eukaryota,Ascomycota,Eurotiomycetes,Onygenales,Ajellomycetaceae,Ajellomyces
28,30,Eukaryota,Basidiomycota,Pucciniomycetes,Pucciniales,Pucciniaceae,Gymnosporangium
1,0,Eukaryota,SAR_unclassified,SAR_unclassified,SAR_unclassified,SAR_unclassified,SAR_unclassified
0,0,Eukaryota,Ciliophora,Intramacronucleata,Conthreep,Oligohymenophorea,Pleuronema
0,0,Eukaryota,Ciliophora,Intramacronucleata,Spirotrichea,Hypotrichia,Holosticha
0,0,Eukaryota,Dinoflagellata,Dinophyceae,Gymnodiniphycidae,NA,Amphidinium
0,0,Eukaryota,Dinoflagellata,Dinophyceae,Peridiniphycidae,Gonyaulacales,Alexandrium
0,0,Eukaryota,Dinoflagellata,Dinophyceae,SL163A10,SL163A10_unclassified,SL163A10_unclassified
0,1,Eukaryota,Protalveolata,Syndiniales,NA,Syndiniales Group I,Syndiniales Group I_unclassified
3,2,Eukaryota,Cercozoa,Cercozoa_unclassified,Cercozoa_unclassified,Cercozoa_unclassified,Cercozoa_unclassified
1,0,Eukaryota,Cercozoa,NA,Ascetosporea,Ascetosporea_unclassified,Ascetosporea_unclassified
0,0,Eukaryota,Cercozoa,NA,Ascetosporea,Paradiniidae,Paradinium
1,0,Eukaryota,Cercozoa,NA,CCW10,CCW10_unclassified,CCW10_unclassified
0,0,Eukaryota,Cercozoa,Imbricatea,Imbricatea_unclassified,Imbricatea_unclassified,Imbricatea_unclassified
0,0,Eukaryota,Cercozoa,Phytomyxea,Phytomyxea_unclassified,Phytomyxea_unclassified,Phytomyxea_unclassified
1,1,Eukaryota,Cercozoa,Thecofilosea,Thecofilosea_unclassified,Thecofilosea_unclassified,Thecofilosea_unclassified
0,0,Eukaryota,Retaria,Acantharia,Chaunocanthida,Chaunocanthida_unclassified,Chaunocanthida_unclassified
1,0,Eukaryota,Retaria,Foraminifera,Globothalamea,Rotaliida,Rotaliida_unclassified
0,1,Eukaryota,Retaria,RAD B,RAD B_unclassified,RAD B_unclassified,RAD B_unclassified
1,0,Eukaryota,Stramenopiles_unclassified,Stramenopiles_unclassified,Stramenopiles_unclassified,Stramenopiles_unclassified,Stramenopiles_unclassified
0,0,Eukaryota,Labyrinthulomycetes,NA,NA,NA,D2P04F01
0,0,Eukaryota,Ochrophyta,NA,NA,NA,Bolidomonas
0,0,Eukaryota,Ochrophyta,Chrysophyceae,NA,NA,E222
0,0,Eukaryota,Ochrophyta,Diatomea,Bacillariophytina,Bacillariophyceae,Bacillariophyceae_unclassified
0,0,Eukaryota,Ochrophyta,Diatomea,Bacillariophytina,Mediophyceae,Mediophyceae_unclassified
8,0,Eukaryota,Ochrophyta,Diatomea,Bacillariophytina,Mediophyceae,Chaetoceros
1,0,Eukaryota,Ochrophyta,Diatomea,Bacillariophytina,Mediophyceae,Thalassiosira
4,3,Eukaryota,Ochrophyta,Diatomea,Coscinodiscophytina,Melosirids,Melosira
0,0,Eukaryota,Ochrophyta,Dictyochophyceae,Pedinellales,Pedinellales_unclassified,Pedinellales_unclassified
0,0,Archaea,Euryarchaeota,Thermoplasmata,Thermoplasmatales,Marine Group II,Marine Group II_unclassified
0,0,Archaea,Thaumarchaeota,Thaumarchaeota_unclassified,Thaumarchaeota_unclassified,Thaumarchaeota_unclassified,Thaumarchaeota_unclassified
1,2,Bacteria,Acidobacteria,Acidobacteria,Subgroup 17,Subgroup 17_unclassified,Subgroup 17_unclassified
1,1,Bacteria,Acidobacteria,Acidobacteria,Subgroup 3,PAUC26f,PAUC26f_unclassified
0,0,Bacteria,Acidobacteria,Acidobacteria,Subgroup 5,Subgroup 5_unclassified,Subgroup 5_unclassified
0,0,Bacteria,Acidobacteria,Holophagae,Subgroup 10,ABS-19,ABS-19_unclassified
1,0,Bacteria,Acidobacteria,Holophagae,Subgroup 10,CA002,CA002_unclassified
1,0,Bacteria,Acidobacteria,Subgroup 26,Subgroup 26_unclassified,Subgroup 26_unclassified,Subgroup 26_unclassified
0,0,Bacteria,Actinobacteria,Actinobacteria,Corynebacteriales,Nocardiaceae,Nocardiaceae_unclassified
0,1,Bacteria,Actinobacteria,Actinobacteria,Micrococcales,Microbacteriaceae,Microbacteriaceae_unclassified
0,0,Bacteria,Actinobacteria,Actinobacteria,Micrococcales,Microbacteriaceae,Candidatus Aquiluna
0,0,Bacteria,Actinobacteria,Actinobacteria,Streptomycetales,Streptomycetaceae,Streptomyces
0,0,Bacteria,Actinobacteria,Thermoleophilia,Thermoleophilia_unclassified,Thermoleophilia_unclassified,Thermoleophilia_unclassified
1,0,Bacteria,Actinobacteria,Thermoleophilia,Gaiellales,NA,NA_unclassified
0,0,Bacteria,Bacteroidetes,Cytophagia,Cytophagales,Flammeovirgaceae,Fulvivirga
2,0,Bacteria,Bacteroidetes,Cytophagia,Order II,Rhodothermaceae,Rhodothermaceae_unclassified
1,0,Bacteria,Bacteroidetes,Flavobacteriia,Flavobacteriales,Cryomorphaceae,Cryomorphaceae_unclassified
0,0,Bacteria,Bacteroidetes,Flavobacteriia,Flavobacteriales,Cryomorphaceae,Cryomorpha
3,1,Bacteria,Bacteroidetes,Sphingobacteriia,Sphingobacteriales,Chitinophagaceae,NA
1,3,Bacteria,Bacteroidetes,Sphingobacteriia,Sphingobacteriales,NS11-12 marine group,NS11-12 marine group_unclassified
1,3,Bacteria,Chlamydiae,Chlamydiae,Chlamydiales,Chlamydiales_unclassified,Chlamydiales_unclassified
0,0,Bacteria,Chlamydiae,Chlamydiae,Chlamydiales,Chlamydiaceae,Chlamydia
2,0,Bacteria,Chlamydiae,Chlamydiae,Chlamydiales,cvE6,cvE6_unclassified
3,3,Bacteria,Chloroflexi,TK10,TK10_unclassified,TK10_unclassified,TK10_unclassified
1,0,Bacteria,Cyanobacteria,ML635J-21,ML635J-21_unclassified,ML635J-21_unclassified,ML635J-21_unclassified
1,2,Bacteria,Elusimicrobia,Elusimicrobia,Lineage IV,Lineage IV_unclassified,Lineage IV_unclassified
0,1,Bacteria,Marinimicrobia (SAR406 clade),Marinimicrobia (SAR406 clade)_unclassified,Marinimicrobia (SAR406 clade)_unclassified,Marinimicrobia (SAR406 clade)_unclassified,Marinimicrobia (SAR406 clade)_unclassified
0,0,Bacteria,Nitrospirae,Nitrospira,Nitrospirales,wb1-A12,wb1-A12_unclassified
0,0,Bacteria,Planctomycetes,Phycisphaerae,Amsterdam-1B-07,Amsterdam-1B-07_unclassified,Amsterdam-1B-07_unclassified
0,0,Bacteria,Planctomycetes,Planctomycetacia,Planctomycetales,Planctomycetaceae,Bythopirellula
0,0,Bacteria,Proteobacteria,Alphaproteobacteria,OCS116 clade,OCS116 clade_unclassified,OCS116 clade_unclassified
1,0,Bacteria,Proteobacteria,Alphaproteobacteria,Parvularculales,Parvularculaceae,Parvularcula
1,0,Bacteria,Proteobacteria,Alphaproteobacteria,Rhizobiales,Hyphomicrobiaceae,Hyphomicrobiaceae_unclassified
0,1,Bacteria,Proteobacteria,Alphaproteobacteria,Rhizobiales,Hyphomicrobiaceae,Hyphomicrobium
1,0,Bacteria,Proteobacteria,Alphaproteobacteria,Rhizobiales,Phyllobacteriaceae,Phyllobacteriaceae_unclassified
0,1,Bacteria,Proteobacteria,Alphaproteobacteria,Rhizobiales,Phyllobacteriaceae,Pseudahrensia
0,0,Bacteria,Proteobacteria,Alphaproteobacteria,Rhizobiales,Rhodobiaceae,Rhodobiaceae_unclassified
3,4,Bacteria,Proteobacteria,Alphaproteobacteria,Rhizobiales,Rhodobiaceae,NA
1,0,Bacteria,Proteobacteria,Alphaproteobacteria,Rhodobacterales,Rhodobacteraceae,Roseovarius
2,0,Bacteria,Proteobacteria,Alphaproteobacteria,Rhodospirillales,AT-s3-44,AT-s3-44_unclassified
0,0,Bacteria,Proteobacteria,Alphaproteobacteria,Rickettsiales,SAR116 clade,SAR116 clade_unclassified
1,1,Bacteria,Proteobacteria,Alphaproteobacteria,S26-47,S26-47_unclassified,S26-47_unclassified
0,1,Bacteria,Proteobacteria,Alphaproteobacteria,SB1-18,SB1-18_unclassified,SB1-18_unclassified
0,0,Bacteria,Proteobacteria,Alphaproteobacteria,Sphingomonadales,Erythrobacteraceae,Erythrobacter
0,0,Bacteria,Proteobacteria,Betaproteobacteria,Rhodocyclales,Rhodocyclaceae,Rhodocyclaceae_unclassified
0,0,Bacteria,Proteobacteria,Betaproteobacteria,Rhodocyclales,Rhodocyclaceae,Azospira
0,1,Bacteria,Proteobacteria,Deltaproteobacteria,Bdellovibrionales,Bacteriovoracaceae,Bacteriovoracaceae_unclassified
0,5,Bacteria,Proteobacteria,Deltaproteobacteria,Bdellovibrionales,Bacteriovoracaceae,HotSeep-1
0,2,Bacteria,Proteobacteria,Deltaproteobacteria,Bdellovibrionales,Bacteriovoracaceae,NA
1,1,Bacteria,Proteobacteria,Deltaproteobacteria,Bdellovibrionales,Bdellovibrionaceae,Bdellovibrio
0,2,Bacteria,Proteobacteria,Deltaproteobacteria,Bdellovibrionales,Bdellovibrionaceae,OM27 clade
1,0,Bacteria,Proteobacteria,Deltaproteobacteria,Desulfobacterales,Desulfobacteraceae,Desulfobacteraceae_unclassified
0,0,Bacteria,Proteobacteria,Deltaproteobacteria,Desulfobacterales,Desulfobacteraceae,Desulfofrigus
0,2,Bacteria,Proteobacteria,Deltaproteobacteria,Desulfobacterales,Nitrospinaceae,NA
1,1,Bacteria,Proteobacteria,Deltaproteobacteria,Myxococcales,Eel-36e1D6,Eel-36e1D6_unclassified
0,1,Bacteria,Proteobacteria,Deltaproteobacteria,Oligoflexales,Oligoflexales_unclassified,Oligoflexales_unclassified
0,0,Bacteria,Proteobacteria,Epsilonproteobacteria,Campylobacterales,Campylobacteraceae,Arcobacter
0,0,Bacteria,Proteobacteria,Gammaproteobacteria,Enterobacteriales,Enterobacteriaceae,Enterobacter
2,1,Bacteria,Proteobacteria,Gammaproteobacteria,Legionellales,Coxiellaceae,Coxiella
0,0,Bacteria,Proteobacteria,Gammaproteobacteria,Legionellales,Legionellaceae,NA
1,3,Bacteria,Proteobacteria,Gammaproteobacteria,Oceanospirillales,Oceanospirillales_unclassified,Oceanospirillales_unclassified
0,0,Bacteria,Proteobacteria,Gammaproteobacteria,Oceanospirillales,Hahellaceae,Endozoicomonas
1,0,Bacteria,Proteobacteria,Gammaproteobacteria,Oceanospirillales,MBAE14,MBAE14_unclassified
1,1,Bacteria,Proteobacteria,Gammaproteobacteria,Oceanospirillales,Oceanospirillaceae,Balneatrix
0,0,Bacteria,Proteobacteria,Gammaproteobacteria,Oceanospirillales,Oceanospirillaceae,Marinomonas
0,0,Bacteria,Proteobacteria,Gammaproteobacteria,Pseudomonadales,Pseudomonadales_unclassified,Pseudomonadales_unclassified
0,0,Bacteria,Proteobacteria,Gammaproteobacteria,Pseudomonadales,Moraxellaceae,Moraxellaceae_unclassified
0,0,Bacteria,Proteobacteria,Gammaproteobacteria,Thiotrichales,Thiotrichales_unclassified,Thiotrichales_unclassified
2,1,Bacteria,Proteobacteria,SPOTSOCT00m83,SPOTSOCT00m83_unclassified,SPOTSOCT00m83_unclassified,SPOTSOCT00m83_unclassified
0,0,Bacteria,Proteobacteria,TA18,TA18_unclassified,TA18_unclassified,TA18_unclassified
0,1,Bacteria,Spirochaetae,Spirochaetes,Spirochaetales,Spirochaetaceae,Spirochaeta 2
0,0,Bacteria,Verrucomicrobia,Opitutae,Opitutae_unclassified,Opitutae_unclassified,Opitutae_unclassified
2,2,Bacteria,Verrucomicrobia,Opitutae,Puniceicoccales,Puniceicoccaceae,Lentimonas
1,1,Bacteria,Verrucomicrobia,Verrucomicrobiae,Verrucomicrobiales,Rubritaleaceae,Rubritalea
1,0,Bacteria,Verrucomicrobia,Verrucomicrobiae,Verrucomicrobiales,Verrucomicrobiaceae,Verrucomicrobiaceae_unclassified
0,0,Bacteria,Verrucomicrobia,Verrucomicrobiae,Verrucomicrobiales,Verrucomicrobiaceae,Haloferula
0,0,Eukaryota,Phragmoplastophyta,Embryophyta,Embryophyta_unclassified,Embryophyta_unclassified,Embryophyta_unclassified
0,0,Eukaryota,Chloroplastida_unclassified,Chloroplastida_unclassified,Chloroplastida_unclassified,Chloroplastida_unclassified,Chloroplastida_unclassified
0,0,Eukaryota,Euglenozoa,Euglenida,Heteronematina,NA,Notosolenus
0,0,Eukaryota,Euglenozoa,Kinetoplastea,Metakinetoplastina,Neobodonida,Neobodo
0,0,Eukaryota,Choanomonada,Craspedida,Craspedida_unclassified,Craspedida_unclassified,Craspedida_unclassified
0,0,Eukaryota,Annelida,Polychaeta,Terebellida,Terebellida_unclassified,Terebellida_unclassified
0,0,Eukaryota,Vertebrata,Mammalia,Mammalia_unclassified,Mammalia_unclassified,Mammalia_unclassified
0,2,Eukaryota,Nematoda,Chromadorea,Monhysterida,Monhysterida_unclassified,Monhysterida_unclassified
0,0,Eukaryota,Apicomplexa,Conoidasida,Coccidia,Eimeriorina,Eimeriorina_unclassified
1,2,Eukaryota,Dinoflagellata,Dinophyceae,Dinophyceae_unclassified,Dinophyceae_unclassified,Dinophyceae_unclassified
0,0,Eukaryota,Protalveolata,Syndiniales,Syndiniales_unclassified,Syndiniales_unclassified,Syndiniales_unclassified
0,0,Eukaryota,Protalveolata,Syndiniales,NA,Syndiniales Group II,Syndiniales Group II_unclassified
0,0,Eukaryota,Cercozoa,Thecofilosea,Cryomonadida,Protaspidae,Cryothecomonas
3,0,Eukaryota,Retaria,Foraminifera,Globothalamea,Rotaliida,Cibicidoides
2,3,Eukaryota,Labyrinthulomycetes,Labyrinthulomycetes_unclassified,Labyrinthulomycetes_unclassified,Labyrinthulomycetes_unclassified,Labyrinthulomycetes_unclassified
0,0,Eukaryota,Ochrophyta,Chrysophyceae,Chrysophyceae_unclassified,Chrysophyceae_unclassified,Chrysophyceae_unclassified
0,0,Eukaryota,Ochrophyta,Diatomea,Diatomea_unclassified,Diatomea_unclassified,Diatomea_unclassified
3,0,Bacteria,Acidobacteria,Holophagae,Subgroup 10,TK85,TK85_unclassified
2,1,Bacteria,Actinobacteria,Acidimicrobiia,Acidimicrobiales,NA,NA_unclassified
1,0,Bacteria,Actinobacteria,Actinobacteria,Propionibacteriales,Propionibacteriaceae,Propionibacterium
3,0,Bacteria,Armatimonadetes,Armatimonadetes_unclassified,Armatimonadetes_unclassified,Armatimonadetes_unclassified,Armatimonadetes_unclassified
2,0,Bacteria,Bacteroidetes,Cytophagia,Cytophagales,Flammeovirgaceae,Ekhidna
1,0,Bacteria,Bacteroidetes,Cytophagia,Cytophagales,Flammeovirgaceae,Persicobacter
1,0,Bacteria,Bacteroidetes,Flavobacteriia,Flavobacteriales,Flavobacteriaceae,Ulvibacter
1,0,Bacteria,Bacteroidetes,Flavobacteriia,Flavobacteriales,Schleiferiaceae,Schleiferia
1,0,Bacteria,Bacteroidetes,Sphingobacteriia,Sphingobacteriales,Sphingobacteriales_unclassified,Sphingobacteriales_unclassified
1,1,Bacteria,Chlamydiae,Chlamydiae,Chlamydiales,Simkaniaceae,Candidatus Rhabdochlamydia
1,0,Bacteria,Elusimicrobia,Elusimicrobia,Lineage IIc,Lineage IIc_unclassified,Lineage IIc_unclassified
3,0,Bacteria,Lentisphaerae,LD1-PB3,LD1-PB3_unclassified,LD1-PB3_unclassified,LD1-PB3_unclassified
1,0,Bacteria,Microgenomates,Microgenomates_unclassified,Microgenomates_unclassified,Microgenomates_unclassified,Microgenomates_unclassified
1,0,Bacteria,Nitrospirae,Nitrospira,Nitrospirales,Nitrospiraceae,Nitrospiraceae_unclassified
1,0,Bacteria,Proteobacteria,AEGEAN-245,AEGEAN-245_unclassified,AEGEAN-245_unclassified,AEGEAN-245_unclassified
1,0,Bacteria,Proteobacteria,Alphaproteobacteria,Caulobacterales,Caulobacteraceae,Brevundimonas
1,0,Bacteria,Proteobacteria,Alphaproteobacteria,Rhizobiales,Hyphomicrobiaceae,Filomicrobium
2,0,Bacteria,Proteobacteria,Alphaproteobacteria,Rhizobiales,KF-JG30-B3,KF-JG30-B3_unclassified
1,0,Bacteria,Proteobacteria,Alphaproteobacteria,Rhodospirillales,MSB-1E8,MSB-1E8_unclassified
1,0,Bacteria,Proteobacteria,Alphaproteobacteria,SAR11 clade,SAR11 clade_unclassified,SAR11 clade_unclassified
1,2,Bacteria,Proteobacteria,Betaproteobacteria,Burkholderiales,Comamonadaceae,Comamonadaceae_unclassified
1,5,Bacteria,Proteobacteria,Deltaproteobacteria,Desulfuromonadales,GR-WP33-58,GR-WP33-58_unclassified
1,0,Bacteria,Proteobacteria,Deltaproteobacteria,Myxococcales,bacteriap25,bacteriap25_unclassified
1,0,Bacteria,Proteobacteria,Deltaproteobacteria,Myxococcales,Polyangiaceae,Polyangiaceae_unclassified
1,0,Bacteria,Proteobacteria,Deltaproteobacteria,Myxococcales,Sandaracinaceae,Sandaracinaceae_unclassified
1,0,Bacteria,Proteobacteria,Gammaproteobacteria,Arenicellales,Arenicellaceae,Arenicellaceae_unclassified
2,0,Bacteria,Proteobacteria,Gammaproteobacteria,Arenicellales,Arenicellaceae,Arenicella
1,0,Bacteria,Proteobacteria,Gammaproteobacteria,Cellvibrionales,Cellvibrionaceae,Simiduia
2,0,Bacteria,Proteobacteria,Gammaproteobacteria,Cellvibrionales,Porticoccaceae,C1-B045
2,0,Bacteria,Proteobacteria,Gammaproteobacteria,Chromatiales,Ectothiorhodospiraceae,Ectothiorhodospiraceae_unclassified
2,0,Bacteria,Proteobacteria,Gammaproteobacteria,Gammaproteobacteria Incertae Sedis,Unknown Family,Thiohalophilus
1,0,Bacteria,Proteobacteria,Gammaproteobacteria,Oceanospirillales,Oceanospirillaceae,Amphritea
1,0,Bacteria,Proteobacteria,Gammaproteobacteria,Pasteurellales,Pasteurellaceae,Haemophilus
1,0,Bacteria,Proteobacteria,Gammaproteobacteria,Thiotrichales,EV818SWSAP88,EV818SWSAP88_unclassified
5,3,Bacteria,Proteobacteria,Gammaproteobacteria,Thiotrichales,Thiotrichaceae,NA
2,3,Bacteria,TA06,TA06_unclassified,TA06_unclassified,TA06_unclassified,TA06_unclassified
1,0,Bacteria,Verrucomicrobia,Verrucomicrobiae,Verrucomicrobiales,Verrucomicrobiaceae,Luteolibacter
1,0,Eukaryota,Nematoda,Chromadorea,Araeolaimida,Araeolaimida_unclassified,Araeolaimida_unclassified
3,0,Eukaryota,Cnidaria,Hydrozoa,Hydrozoa_unclassified,Hydrozoa_unclassified,Hydrozoa_unclassified
9,0,Eukaryota,Cnidaria,Hydrozoa,Leptothecata,Leptothecata_unclassified,Leptothecata_unclassified
1,0,Eukaryota,Ascomycota,Dothideomycetes,Capnodiales,Mycosphaerellaceae,Mycosphaerella
1,0,Eukaryota,Ascomycota,Sordariomycetes,Sordariomycetes_unclassified,Sordariomycetes_unclassified,Sordariomycetes_unclassified
76,7,Eukaryota,Ascomycota,Sordariomycetes,Hypocreales,Hypocreales_unclassified,Hypocreales_unclassified
5,0,Eukaryota,Ascomycota,Sordariomycetes,Hypocreales,Cordycipitaceae,Lecanicillium
2,0,Eukaryota,Ascomycota,Sordariomycetes,Hypocreales,Hypocreaceae,Hypocreaceae_unclassified
6,0,Eukaryota,Ascomycota,Sordariomycetes,Hypocreales,Nectriaceae,Fusarium
1,1,Eukaryota,Ascomycota,Sordariomycetes,Hypocreales,Nectriaceae,Gibberella
4,2,Eukaryota,Alveolata_unclassified,Alveolata_unclassified,Alveolata_unclassified,Alveolata_unclassified,Alveolata_unclassified
1,0,Eukaryota,Ciliophora,Intramacronucleata,Litostomatea,Trichostomatia,Trichostomatia_unclassified
1,0,Eukaryota,Dinoflagellata,Dinophyceae,Gymnodiniphycidae,Gymnodiniphycidae_unclassified,Gymnodiniphycidae_unclassified
1,1,Eukaryota,NIF-4C10,NIF-4C10_unclassified,NIF-4C10_unclassified,NIF-4C10_unclassified,NIF-4C10_unclassified
1,0,Eukaryota,Cercozoa,Glissomonadida,NA,NA,Heteromita
1,0,Eukaryota,Cercozoa,Imbricatea,p15D09,p15D09_unclassified,p15D09_unclassified
1,0,Eukaryota,Cercozoa,Thecofilosea,NA,NA,NIF-3A7
1,0,Eukaryota,Labyrinthulomycetes,NA,NA,NA,TAGIRI-17
1,0,Eukaryota,Ochrophyta,Ochrophyta_unclassified,Ochrophyta_unclassified,Ochrophyta_unclassified,Ochrophyta_unclassified
0,1,Bacteria,Actinobacteria,Actinobacteria_unclassified,Actinobacteria_unclassified,Actinobacteria_unclassified,Actinobacteria_unclassified
0,1,Bacteria,Actinobacteria,Actinobacteria,Micrococcales,Microbacteriaceae,Cryobacterium
0,3,Bacteria,Bacteroidetes,Cytophagia,Cytophagales,Cytophagales_unclassified,Cytophagales_unclassified
0,1,Bacteria,Bacteroidetes,Flavobacteriia,Flavobacteriales,Cryomorphaceae,Fluviicola
0,1,Bacteria,Bacteroidetes,Flavobacteriia,Flavobacteriales,Cryomorphaceae,NA
0,1,Bacteria,Bacteroidetes,Flavobacteriia,Flavobacteriales,Flavobacteriaceae,Gillisia
0,1,Bacteria,Bacteroidetes,Flavobacteriia,Flavobacteriales,NS9 marine group,NS9 marine group_unclassified
0,1,Bacteria,Firmicutes,Bacilli,Bacillales,Bacillaceae,Bacillus
0,2,Bacteria,Gemmatimonadetes,Gemmatimonadetes,Gemmatimonadales,Gemmatimonadaceae,Gemmatimonadaceae_unclassified
0,1,Bacteria,Gemmatimonadetes,Gemmatimonadetes,Gemmatimonadales,Gemmatimonadaceae,Gemmatimonas
0,1,Bacteria,Omnitrophica,Omnitrophica_unclassified,Omnitrophica_unclassified,Omnitrophica_unclassified,Omnitrophica_unclassified
0,1,Bacteria,Planctomycetes,Phycisphaerae,Phycisphaerales,Phycisphaerales_unclassified,Phycisphaerales_unclassified
0,1,Bacteria,Planctomycetes,Phycisphaerae,Phycisphaerales,Phycisphaeraceae,FS140-16B-02 marine group
0,1,Bacteria,Proteobacteria,Alphaproteobacteria,DB1-14,DB1-14_unclassified,DB1-14_unclassified
0,1,Bacteria,Proteobacteria,Alphaproteobacteria,Rhizobiales,DUNssu044,DUNssu044_unclassified
0,1,Bacteria,Proteobacteria,Alphaproteobacteria,Rhodobacterales,Rhodobacteraceae,Loktanella
0,1,Bacteria,Proteobacteria,Alphaproteobacteria,Rhodobacterales,Rhodobacteraceae,Rhodobacter
0,1,Bacteria,Proteobacteria,Alphaproteobacteria,Rickettsiales,AKIW1012,AKIW1012_unclassified
0,2,Bacteria,Proteobacteria,Alphaproteobacteria,Rickettsiales,SM2D12,SM2D12_unclassified
0,2,Bacteria,Proteobacteria,Betaproteobacteria,Burkholderiales,Comamonadaceae,Delftia
0,1,Bacteria,Proteobacteria,Deltaproteobacteria,Bdellovibrionales,Bdellovibrionales_unclassified,Bdellovibrionales_unclassified
0,2,Bacteria,Proteobacteria,Deltaproteobacteria,Desulfuromonadales,Sva1033,Sva1033_unclassified
0,1,Bacteria,Proteobacteria,Deltaproteobacteria,Myxococcales,BIrii41,BIrii41_unclassified
0,3,Bacteria,Proteobacteria,Gammaproteobacteria,Enterobacteriales,Enterobacteriaceae,Enterobacteriaceae_unclassified
0,1,Bacteria,Proteobacteria,Gammaproteobacteria,Legionellales,Legionellaceae,Legionella
0,1,Bacteria,Proteobacteria,Gammaproteobacteria,Oceanospirillales,Oceanospirillaceae,Oleispira
0,1,Bacteria,Proteobacteria,Gammaproteobacteria,Thiotrichales,Piscirickettsiaceae,Marine Methylotrophic Group 3
0,2,Bacteria,Saccharibacteria,Saccharibacteria_unclassified,Saccharibacteria_unclassified,Saccharibacteria_unclassified,Saccharibacteria_unclassified
0,1,Eukaryota,Ciliophora,Intramacronucleata,Spirotrichea,Oligotrichia,NA
0,2,Eukaryota,Dinoflagellata,Dinophyceae,Gymnodiniphycidae,Kareniaceae,Karlodinium
0,1,Eukaryota,Rhizaria_unclassified,Rhizaria_unclassified,Rhizaria_unclassified,Rhizaria_unclassified,Rhizaria_unclassified
0,1,Eukaryota,Cercozoa,Imbricatea,Marimonadida,NA,BB01-173
0,2,Eukaryota,Cercozoa,Thecofilosea,NA,NA,NW617
0,1,Eukaryota,Retaria,Foraminifera,Globothalamea,Rotaliida,Calcarina
0,1,Eukaryota,Labyrinthulomycetes,NA,NA,NA,PW19
